City_ID,City,Lat,Lng,Max Temp,Humidity,Cloudiness,Wind Speed,Country,Date
0,borba,-4.3878,-59.5939,296.09,99,100,1.32,BR,1701986449
1,waitangi,-43.9535,-176.5597,286.38,68,87,8.01,NZ,1702106348
2,margaret river,-33.95,115.0667,292.44,52,24,7.48,AU,1702034475
3,el charco,2.4769,-78.1105,297.2,95,74,1.23,CO,1701990207
4,dudinka,69.4058,86.1778,238.24,99,7,1.9,RU,0
5,ilulissat,69.2167,-51.1,268.16,68,75,1.54,GL,0
6,port-aux-francais,-49.35,70.2167,277.45,87,98,15.48,TF,1702048420
7,howrah,22.5892,88.3103,294.15,83,75,3.6,IN,1702034549
8,kruisfontein,-34.0033,24.7314,286.97,78,0,7.4,ZA,1702056176
9,papatowai,-46.5619,169.4708,289.96,58,100,4.75,NZ,1702023848
10,yangambi,0.8102,24.4336,294.5,98,98,0.8,CD,1702052181
11,bilibino,68.0546,166.4372,236.39,99,62,1.05,RU,1701998019
12,ohara,35.25,140.3833,287.71,38,0,1.55,JP,1702020372
13,iskateley,67.6803,53.1512,258.72,96,100,3.58,RU,1702026578
14,wailua homesteads,22.0669,-159.378,298.59,82,75,3.6,US,1702007651
15,balabac,7.9868,117.0645,301.38,75,100,2.16,PH,1702029222
16,hachinohe,40.5,141.5,282.49,51,0,5.89,JP,1702019237
17,blackmans bay,-43.0167,147.3167,291.77,80,82,4.3,AU,1702028364
18,iqaluit,63.7506,-68.5145,259.0,84,0,3.6,CA,1701974992
19,chibougamau,49.9168,-74.3659,247.94,84,0,1.03,CA,1701982610
20,edinburgh of the seven seas,-37.0676,-12.3116,288.05,85,100,7.15,SH,1702065572
21,enewetak,11.3474,162.3373,300.86,78,92,8.84,MH,1702018009
22,yellowknife,62.456,-114.3525,262.44,92,100,2.06,CA,1701986974
23,kizel,59.0471,57.6477,238.28,75,60,0.74,RU,1702034056
24,fujisawa,35.3419,139.47,291.14,35,0,3.95,JP,1702020577
25,labytnangi,66.6572,66.4183,248.63,88,62,3.22,RU,1702025622
26,stanley,54.868,-1.6985,278.02,96,100,3.6,GB,1702050036
27,port alfred,-33.5906,26.891,291.03,85,9,1.79,ZA,1702055593
28,rheurdt,51.4667,6.4667,276.47,83,100,5.12,DE,1702049167
29,gisborne,-38.6533,178.0042,289.99,63,26,3.99,NZ,1702020147
30,albany,42.6001,-73.9662,273.6,89,81,0.45,US,1701984160
31,lautoka,-17.6167,177.4667,306.07,58,40,4.12,FJ,1702017362
32,st. john's,47.5649,-52.7093,270.36,82,75,16.46,CA,1702064390
33,udachny,66.4167,112.4,244.51,82,100,1.61,RU,1702014986
34,ixtapa,20.7,-105.2,299.72,83,75,3.09,MX,1701994803
35,praia da vitoria,38.7333,-27.0667,293.29,88,40,13.56,PT,1702060000
36,chanika,-5.4167,38.0167,294.19,95,82,0.24,TZ,1702049548
37,remire-montjoly,4.9167,-52.2667,298.17,100,75,0.0,GF,1702070182
38,guerrero negro,27.9769,-114.0611,291.26,80,0,7.87,MX,1701996053
39,bereeda,11.8704,51.0579,298.21,63,37,4.44,SO,1702044668
40,fort bragg,35.139,-79.006,280.83,62,0,2.57,US,1701986641
41,west island,-12.1568,96.8225,302.14,70,100,6.69,CC,1702036128
42,egilsstadir,65.2653,-14.3948,271.1,64,100,3.09,IS,1702046862
43,kapuskasing,49.4169,-82.4331,272.15,93,100,3.09,CA,1701984677
44,invercargill,-46.4,168.35,290.87,54,100,4.72,NZ,1702024078
45,igarka,67.4667,86.5833,241.54,94,46,3.73,RU,1702019172
46,lebu,-37.6167,-73.65,285.15,86,0,6.72,CL,1702080397
47,adamstown,-25.066,-130.1015,296.01,81,89,3.87,PN,1702005660
48,kodiak,57.79,-152.4072,269.88,54,0,5.14,US,1701998670
49,grytviken,-54.2811,-36.5092,271.77,87,50,4.73,GS,1702075671
50,vorgashor,67.5833,63.95,248.6,99,100,1.57,RU,1702024279
51,melfi,40.9965,15.6514,276.0,77,2,1.82,IT,1702049350
52,ust-nera,64.5667,143.2,245.05,98,100,2.57,RU,1702009810
53,saipan,15.1355,145.701,302.54,74,40,7.2,MP,1702021604
54,saint-francois,46.4154,3.9054,280.73,100,75,3.09,FR,1702051070
55,aldinga beach,-35.2793,138.4604,307.82,50,100,4.62,AU,1702029069
56,ambovombe,-25.1667,46.0833,297.0,76,34,5.38,MG,1702049809
57,sao joao da barra,-21.6403,-41.0511,297.17,86,4,6.92,BR,1702070296
58,avarua,-21.2078,-159.775,298.18,73,75,6.17,CK,1702012312
59,flying fish cove,-10.4217,105.6791,300.97,78,75,4.63,CX,1702033819
60,vadso,70.0744,29.7487,265.24,79,92,11.83,NO,0
61,puerto natales,-51.7236,-72.4875,280.85,92,87,1.32,CL,1702083414
62,anadyr,64.75,177.4833,252.43,84,6,11.0,RU,1702001411
63,atafu village,-8.5421,-172.5159,302.02,72,86,1.56,TK,1702100414
64,fortaleza,-3.7227,-38.5247,302.63,76,40,5.66,BR,1702067752
65,tiksi,71.6872,128.8694,239.72,100,92,1.48,RU,0
66,bethel,41.3712,-73.414,274.63,84,19,1.6,US,1701984259
67,georgetown,5.4112,100.3354,304.11,70,20,2.57,MY,1702033498
68,la passe,45.5549,-0.8967,284.28,89,100,4.43,FR,1702052414
69,codrington,-38.2667,141.9667,291.55,78,70,3.15,AU,1702028732
70,kamaishi,39.2667,141.8833,283.85,51,0,5.17,JP,1702019361
71,quixada,-4.9714,-39.0153,298.25,82,54,3.05,BR,1702067996
72,ormara,25.2088,64.6357,295.65,57,0,2.45,PK,1702039918
73,felege neway,6.3,36.8833,290.29,79,79,0.32,ET,1702048641
74,hami,42.8,93.45,274.93,39,99,4.02,CN,1702030339
75,thompson,55.7435,-97.8558,266.24,93,75,1.03,CA,1701986414
76,shagonar,51.5333,92.8,260.03,93,100,1.54,RU,1702028433
77,nantucket,41.2835,-70.0995,274.21,55,0,3.6,US,1701983480
78,t'q'ibuli,42.3512,42.9987,283.66,68,100,5.37,GE,1702042533
79,qala i naw,34.9874,63.1289,283.8,22,72,1.03,AF,1702038954
80,puerto ayora,-0.7393,-90.3518,297.34,96,45,1.79,EC,1701993468
81,mahina,-17.5065,-149.489,299.68,78,75,8.75,PF,1702009416
82,san rafael,-34.6177,-68.3301,295.84,34,0,6.19,AR,1702078620
83,afaahiti,-17.75,-149.2833,298.74,86,100,8.49,PF,1702009394
84,sitka,57.0531,-135.33,276.09,87,40,3.6,US,1701994887
85,dunedin,-45.8742,170.5036,288.47,71,100,4.42,NZ,1702023434
86,xinyuan,37.3,99.0,273.47,12,0,6.98,CN,1702029982
87,hamilton,39.1834,-84.5333,282.58,63,100,4.12,US,1701987316
88,nemuro,43.3236,145.575,276.81,52,22,11.27,JP,1702017727
89,shahpur,16.7,76.8333,297.2,66,50,2.87,IN,1702037967
90,yiyang,28.5892,112.3283,295.39,27,58,3.89,CN,1702028043
91,murzuq,25.9155,13.9184,284.72,55,0,4.08,LY,1702052004
92,ribeira grande,38.5167,-28.7,293.02,95,100,10.73,PT,1702060429
93,riolandia,-19.9808,-49.6819,297.9,69,46,4.14,BR,1702072172
94,lorengau,-2.0226,147.2712,300.36,83,100,5.47,PG,1702022975
95,college,64.8569,-147.8028,254.51,81,75,0.0,US,1701992981
96,prado,-17.3411,-39.2208,297.05,90,27,3.57,BR,1702069357
97,boguchany,58.3814,97.4531,243.16,87,61,1.12,RU,1702024824
98,gariaband,20.635,82.0614,294.61,80,49,0.54,IN,1702036275
99,hawaiian paradise park,19.5933,-154.9731,297.88,86,75,3.6,US,1702006876
100,badger,64.8,-147.5333,255.02,82,40,0.0,US,1701992974
101,olonkinbyen,70.9221,-8.7187,269.92,75,87,5.11,SJ,0
102,sur,22.5667,59.5289,296.62,45,0,1.04,OM,1702041460
103,tual,-5.6667,132.75,302.16,70,96,1.78,ID,1702026830
104,hermanus,-34.4187,19.2345,291.24,85,8,3.26,ZA,1702057561
105,ushuaia,-54.8,-68.3,279.96,86,0,8.05,AR,1702083510
106,gualan,15.1333,-89.3667,295.37,97,98,0.92,GT,1701991615
107,kingston,17.997,-76.7936,300.68,76,20,1.54,JM,1701988287
108,okhotsk,59.3833,143.3,270.47,93,100,20.16,RU,1702013342
109,winfield,37.2398,-96.9956,288.2,75,0,6.69,US,1701990630
110,isafjordur,66.0755,-23.124,270.41,79,55,3.42,IS,1702047950
111,awjilah,29.1081,21.2869,286.28,75,0,6.91,LY,1702049827
112,hithadhoo,-0.6,73.0833,301.16,76,96,4.06,MV,1702040643
113,metlili chaamba,32.2667,3.6333,284.67,54,0,0.0,DZ,1702053633
114,westport,41.1415,-73.3579,276.05,82,0,2.06,US,1701984288
115,swakopmund,-22.6833,14.5333,289.25,89,4,0.45,NA,1702057075
116,san pedro,14.35,121.0167,304.72,71,20,5.36,PH,1702027613
117,pacific grove,36.6177,-121.9166,284.97,89,40,0.89,US,1701996711
118,carloforte,39.145,8.3058,286.77,76,76,4.78,IT,1702051441
119,muli,2.9167,73.5667,300.83,81,100,8.94,MV,1702040175
120,vilyuchinsk,52.9306,158.4028,270.3,81,100,2.33,RU,1702012270
121,haiku-pauwela,20.9219,-156.3051,298.17,71,40,2.57,US,1702007045
122,trairi,-3.2778,-39.2689,299.57,79,57,4.25,BR,1702067886
123,tamalpais valley,37.8796,-122.5458,285.13,83,3,0.45,US,1701996658
124,cockburn town,21.4612,-71.1419,298.22,70,100,7.74,TC,1701986541
125,carnarvon,-24.8667,113.6333,298.0,50,0,9.01,AU,1702033551
126,petatlan,17.5167,-101.2667,297.53,78,10,1.42,MX,1701994214
127,kone,-21.0595,164.8658,300.29,56,100,4.27,NC,1702020785
128,lethem,3.3803,-59.7968,298.71,81,100,4.56,GY,1701985721
129,watertown,42.3709,-71.1828,272.07,72,0,4.12,US,1701983536
130,longyearbyen,78.2186,15.6401,272.06,69,20,5.66,SJ,0
131,fernie,49.5,-115.0687,274.26,98,100,2.07,CA,1701992486
132,zaragoza,41.6561,-0.8773,282.05,80,100,2.06,ES,1702053195
133,constantia,44.1833,28.65,273.54,85,100,7.62,RO,1702045613
134,lapinlahti,65.5833,30.5667,253.87,100,100,1.42,RU,1702035716
135,muscat,23.6139,58.5922,291.16,35,0,0.47,OM,1702041561
136,la cruz,23.9167,-106.9,293.99,66,0,2.21,MX,1701994837
137,nimbahera,24.6167,74.6833,292.97,54,0,1.59,IN,1702037578
138,tazovsky,67.4667,78.7,245.29,93,7,5.33,RU,1702021058
139,alofi,-19.0595,-169.9187,303.09,66,75,5.14,NU,1702014497
140,puerto baquerizo moreno,-0.9,-89.6,297.05,89,58,4.23,EC,1701993303
141,sao vicente,-23.9631,-46.3919,302.74,26,100,1.36,BR,1702071862
142,knyaze-volkonskoye,48.4642,135.4567,261.34,84,88,3.13,RU,1702019018
143,vernon,50.2581,-119.2691,276.82,89,100,0.0,CA,1701993293
144,santana,-0.0583,-51.1817,301.25,83,40,4.12,BR,1702070422
145,uturoa,-16.7333,-151.4333,299.93,80,50,3.32,PF,1702009796
146,ocean shores,46.9737,-124.1563,282.01,84,75,2.68,US,1701995285
147,nabire,-3.3667,135.4833,304.09,64,65,2.16,ID,1702025941
148,tura,25.5198,90.2201,292.96,78,70,1.57,IN,1702033738
149,northam,51.0333,-4.2167,285.74,93,30,9.02,GB,1702051855
150,baiyin,36.5583,104.2081,279.19,20,99,1.37,CN,1702028851
151,new norfolk,-42.7826,147.0587,292.43,42,90,2.17,AU,1702028377
152,saudarkrokur,65.7461,-19.6394,266.03,78,5,3.3,IS,1702047548
153,monzon,41.9108,0.1941,280.83,90,100,1.84,ES,1702052890
154,sierra grande,-41.606,-65.3557,285.34,76,70,5.06,AR,1702079149
155,odoyev,53.9393,36.6864,259.1,93,99,4.54,RU,1702041147
156,whitehorse,60.7161,-135.0538,268.58,80,75,5.14,CA,1701993040
157,cabo san lucas,22.8909,-109.9124,297.88,66,0,3.6,MX,1701995681
158,sapulpa,35.9987,-96.1142,289.88,75,20,4.63,US,1701990615
159,bardai,11.65,7.2333,291.64,22,72,3.62,NG,1702055211
160,grantsville,40.5999,-112.4644,276.53,67,96,2.68,US,1701993771
161,petropavlovsk-kamchatsky,53.0452,158.6483,269.48,77,75,3.58,RU,1702012175
162,panjab,34.388,67.0233,273.3,28,79,1.09,AF,1702038109
163,riversdale,18.1659,-76.9642,300.07,91,61,2.21,JM,1701988309
164,qalat,32.1058,66.9083,280.72,29,0,1.69,AF,1702038468
165,kikwit,-5.041,18.8162,293.66,98,98,0.67,CD,1702054119
166,grand falls-windsor,48.9332,-55.6649,269.54,81,98,2.68,CA,1702064763
167,cam ranh,11.9214,109.1591,302.13,70,20,5.66,VN,1702030715
168,peace river,56.2501,-117.286,263.32,92,0,4.12,CA,1701990882
169,bethanie,-26.4833,17.15,290.16,29,0,1.32,NA,1702056926
170,bredasdorp,-34.5322,20.0403,290.31,77,0,2.77,ZA,1702057386
171,upata,8.0086,-62.3989,295.48,96,97,1.86,VE,1701985880
172,arraial do cabo,-22.9661,-42.0278,296.87,92,19,5.63,BR,1702070691
173,lata,40.1629,-8.3327,285.82,94,92,1.75,PT,1702055256
174,hadibu,12.65,54.0333,298.43,66,12,5.87,YE,1702043872
175,erbendorf,49.8403,12.0447,267.42,92,75,0.0,DE,1702048280
176,prince george,53.9166,-122.753,268.85,94,100,1.54,CA,1701993034
177,pangai,-19.8,-174.35,303.21,70,20,4.63,TO,1702102084
178,severo-yeniseyskiy,60.3725,93.0408,241.25,93,100,1.34,RU,1702024873
179,mezhdurechenskiy,59.6,65.9333,243.47,88,98,2.0,RU,1702031789
180,matamata,-37.8106,175.7624,297.14,56,7,1.8,NZ,1702020536
181,bikenibeu village,1.3673,173.1241,300.13,89,100,2.06,KI,1702016429
182,ancud,-41.8697,-73.8203,282.1,91,0,1.25,CL,1702081235
183,minas de marcona,-15.2119,-75.1103,288.07,82,31,4.7,PE,1701991303
184,katsuren-haebaru,26.3369,127.8719,297.36,46,0,5.66,JP,1702024600
185,chake chake,-5.2459,39.7666,299.27,87,36,1.93,TZ,1702049110
186,santiago de cao,-7.9589,-79.2392,293.22,83,75,4.63,PE,1701991529
187,sooke,48.3746,-123.7276,281.8,85,97,10.29,CA,1701994848
188,jamestown,42.097,-79.2353,276.92,100,0,1.54,US,1701985521
189,chinoz,40.9364,68.7697,278.05,59,100,1.58,UZ,1702036613
190,kailua-kona,19.6406,-155.9956,301.13,71,75,5.14,US,1702007116
191,camarinas,43.1311,-9.1817,286.44,74,3,7.76,ES,1702054904
192,port mathurin,-19.6833,63.4167,299.15,73,9,3.75,MU,1702044982
193,tsiombe,-25.3,45.4833,297.96,71,58,5.89,MG,1702049970
194,winnemucca,40.973,-117.7357,276.18,70,40,6.69,US,1701994969
195,al kharijah,25.4514,30.5464,286.94,56,39,1.93,EG,1702048070
196,cochrane,51.1834,-114.4687,272.51,81,100,0.0,CA,1701991886
197,gordon,34.5004,-84.8666,281.56,60,93,1.67,US,1701988144
198,saint-philippe,-21.3585,55.7679,298.92,85,61,3.84,RE,1702047015
199,hilo,19.7297,-155.09,298.0,81,75,3.6,US,1702006889
200,toliara,-23.35,43.6667,300.11,61,84,2.55,MG,1702050162
201,faya-largeau,17.9257,19.1043,292.35,21,50,4.01,TD,1702051691
202,orichi,58.4036,49.0572,242.62,99,24,1.56,RU,1702036424
203,klaksvik,62.2266,-6.589,279.66,80,100,13.83,FO,1702047624
204,punta arenas,-53.15,-70.9167,280.21,81,0,0.0,CL,1702083520
205,kavieng,-2.5744,150.7967,301.1,78,100,3.03,PG,1702022185
206,masterton,-40.9597,175.6575,288.94,66,100,2.25,NZ,1702021141
207,norilsk,69.3535,88.2027,239.98,85,5,1.63,RU,0
208,keflavik,64.0049,-22.5624,274.39,55,0,5.66,IS,1702050072
209,gaspe,48.8334,-64.4819,269.1,68,75,5.66,CA,1701980518
210,selfoss,63.9331,-20.9971,271.95,60,24,4.4,IS,1702049760
211,mount gambier,-37.8333,140.7667,298.22,51,73,3.97,AU,1702028944
212,vanino,49.0869,140.2543,267.55,67,44,3.34,RU,1702017711
213,liwale,-9.7667,37.9333,295.68,94,88,0.4,TZ,1702050015
214,nova sintra,14.8667,-24.7167,294.92,70,1,3.26,CV,1702062542
215,cascais,38.6979,-9.4215,288.67,93,67,11.18,PT,1702055772
216,kingscliff,-28.2667,153.5667,302.44,61,0,5.14,AU,1702024407
217,vila franca do campo,37.7167,-25.4333,292.38,99,100,8.8,PT,1702059778
218,letterkenny,54.95,-7.7333,281.52,91,100,6.06,IE,1702051454
219,monrovia,6.3005,-10.7969,298.02,81,1,1.57,LR,1702060087
220,amahai,-3.3333,128.9167,303.71,64,68,2.81,ID,1702027514
221,novyy urgal,51.0736,132.5642,256.78,80,100,2.05,RU,1702019023
222,lihue,21.9789,-159.3672,298.92,77,75,3.6,US,1702007659
223,lagdo,9.05,13.7333,296.18,21,96,1.08,CM,1702053919
224,choyr,46.3611,108.3611,260.18,76,6,4.39,MN,1702026016
225,hasaki,35.7333,140.8333,291.09,32,0,1.9,JP,1702020190
226,imbituba,-28.24,-48.6703,295.22,98,100,3.14,BR,1702072964
227,cidreira,-30.1811,-50.2056,292.58,79,99,6.67,BR,1702073602
228,nyurba,63.2842,118.3319,228.77,99,96,1.53,RU,1702016889
229,wick,58.4333,-3.0833,279.18,87,100,15.43,GB,1702048918
230,uniontown,39.9001,-79.7164,279.34,57,10,1.34,US,1701986036
231,tangalle,6.024,80.7911,302.24,81,65,0.57,LK,1702038128
232,klyuchi,52.2667,79.1667,250.46,73,96,3.34,RU,1702031487
233,puerto deseado,-47.7503,-65.8938,283.62,71,6,6.77,AR,1702080678
234,quillacollo,-17.4,-66.2833,292.11,54,92,0.45,BO,1701989426
235,kalmunai,7.4167,81.8167,301.42,76,37,2.4,LK,1702037741
236,charters towers,-20.1,146.2667,306.37,25,45,5.59,AU,1702025138
237,kamina,-8.7386,24.9906,289.83,97,32,1.14,CD,1702053016
238,molde,62.7375,7.1591,267.06,73,3,4.63,NO,1702043964
239,mejit,10.2753,170.8646,300.87,81,97,10.44,MH,1702016073
240,seven pagodas,12.6264,80.1722,300.18,74,87,3.66,IN,1702037600
241,lerwick,60.1545,-1.1494,279.15,95,100,15.58,GB,1702047586
242,caleta de carquin,-11.0925,-77.6267,293.11,87,88,4.38,PE,1701991467
243,mount pearl,47.5166,-52.7813,269.9,82,75,16.46,CA,1702064419
244,tralee,52.2704,-9.7026,282.23,87,100,8.33,IE,1702052809
245,dzhangala,49.2167,50.3333,265.05,85,85,4.95,KZ,1702039255
246,touros,-5.1989,-35.4608,299.35,79,38,5.89,BR,1702067166
247,philadelphia,39.9523,-75.1638,277.6,86,100,0.0,US,1701984934
248,shreveport,32.5251,-93.7502,289.27,54,100,6.17,US,1701990564
249,suva,-18.1416,178.4415,300.86,78,75,1.54,FJ,1702017187
250,hammerfest,70.6634,23.6821,267.4,68,69,5.14,NO,0
251,sinabang,2.4803,96.3801,301.66,74,99,0.68,ID,1702034742
252,hinton,53.4001,-117.5857,269.09,92,100,1.08,CA,1701991963
253,joao pinheiro,-17.7425,-46.1725,296.66,43,7,1.04,BR,1702071072
254,khuzdar,27.7384,66.6434,287.05,18,0,1.98,PK,1702039119
255,kedrovyy,56.1667,91.8167,244.38,95,100,2.58,RU,1702027116
256,emerald,-23.5333,148.1667,308.48,22,0,8.78,AU,1702025093
257,rong'an,26.1247,119.1214,295.41,37,5,0.57,CN,1702026727
258,port lincoln,-34.7333,135.8667,297.24,50,100,3.79,AU,1702029604
259,ilhabela,-23.7781,-45.3581,296.73,92,100,2.49,BR,1702071590
260,gbarnga,6.9956,-9.4722,294.22,96,25,0.76,LR,1702059699
261,carutapera,-1.195,-46.02,298.8,85,21,2.93,BR,1702069297
262,weno,7.4515,151.8468,302.12,79,100,4.63,FM,1702020926
263,shalkar,47.8288,59.6258,261.25,49,100,7.33,KZ,1702037370
264,labrador city,52.9463,-66.9114,263.1,85,75,5.14,CA,1701979949
265,adrar,20.5022,-10.0711,289.96,15,34,4.12,MR,1702058405
266,atmore,31.0238,-87.4939,282.5,94,64,2.45,US,1701989272
267,nar'yan-mar,67.6713,53.087,258.77,96,100,3.58,RU,1702026621
268,at-bashi,41.1702,75.8106,270.66,49,50,0.55,KG,1702034880
269,trondheim,63.4305,10.3951,268.2,92,5,3.56,NO,1702042655
270,kyren,51.6828,102.1408,253.12,87,100,0.45,RU,1702026148
271,motueka,-41.1333,173.0167,292.26,59,21,3.37,NZ,1702021809
272,embi,48.8264,58.1442,259.29,74,28,5.53,KZ,1702037480
273,namibe,-15.1961,12.1522,296.3,74,99,3.64,AO,1702056785
274,utrik,11.2278,169.8474,300.78,76,76,9.98,MH,1702016218
275,tadine,-21.55,167.8833,297.39,71,100,7.83,NC,1702020118
276,aras-asan,8.8908,126.3033,301.87,73,56,2.28,PH,1702026912
277,butembo,0.15,29.2833,286.55,97,27,1.08,CD,1702051083
278,la ronge,55.1001,-105.2842,265.29,93,0,3.09,CA,1701988433
279,luganville,-15.5333,167.1667,299.7,85,100,4.29,VU,1702019603
280,tailai,46.3833,123.4,266.44,73,99,6.97,CN,1702022402
281,samana,19.2056,-69.3369,297.12,89,38,4.07,DO,1701986363
282,kongoussi,13.3258,-1.5347,295.48,14,87,3.78,BF,1702057140
283,qaqortoq,60.7167,-46.0333,274.09,64,100,5.49,GL,1702058036
284,palmer,42.1584,-72.3287,272.3,86,75,0.0,US,1701983852
285,brigantine,39.4101,-74.3646,277.6,87,75,0.0,US,1701984837
286,sola,-13.8833,167.55,300.23,81,100,6.82,VU,1702019332
287,waingapu,-9.6567,120.2641,303.78,66,98,2.19,ID,1702030237
288,muynoq,43.7683,59.0214,274.27,59,100,7.76,UZ,1702038409
289,nuuk,64.1835,-51.7216,276.49,41,92,6.17,GL,1702056903
290,mabaruma,8.2,-59.7833,296.43,99,33,0.77,GY,1701985233
291,dryden,49.7833,-92.7503,274.31,86,100,3.6,CA,1701987057
292,broken hill,-31.95,141.4333,314.29,11,78,14.65,AU,1702027841
293,saldanha,-33.0117,17.9442,290.18,90,0,3.7,ZA,1702057653
294,aasiaat,68.7098,-52.8699,261.85,86,100,0.81,GL,0
295,barrouallie,13.2333,-61.2667,298.28,81,82,5.26,VC,1701985070
296,moapa valley,36.5805,-114.4703,286.34,37,27,0.35,US,1701994929
297,kupiskis,55.8333,24.9667,265.45,91,100,4.0,LT,1702043283
298,fria,10.4167,-13.5833,296.6,96,56,0.91,GN,1702060336
299,trevelin,-43.0858,-71.4639,287.86,83,1,1.46,AR,1702080921
300,port elizabeth,-33.918,25.5701,292.31,82,100,11.32,ZA,1702055961
301,lianzhou,24.7811,112.3825,295.84,35,8,1.87,CN,1702028509
302,florida city,25.4479,-80.4792,295.38,76,75,1.54,US,1701988310
303,barra de santo antonio,-9.4047,-35.5072,297.75,84,89,3.48,BR,1702067609
304,pisco,-13.7,-76.2167,292.18,82,0,3.09,PE,1701991405
305,coquimbo,-29.9533,-71.3436,289.0,88,0,1.03,CL,1702078646
306,highfields,-27.4518,151.9463,305.67,28,0,6.14,AU,1702024687
307,susuman,62.7833,148.1667,251.56,96,100,0.43,RU,1702010116
308,markovo,57.3206,107.0881,238.51,92,68,0.86,RU,1702022983
309,bati,11.1833,40.0167,288.79,51,10,0.79,ET,1702047389
310,turpan,42.9333,89.1667,277.86,40,99,0.8,CN,1702031341
311,ostersund,63.1792,14.6357,258.49,92,100,0.0,SE,1702041837
312,novodvinsk,64.4165,40.8122,252.45,99,87,1.81,RU,1702034500
313,poxoreo,-15.8372,-54.3892,296.6,68,23,0.58,BR,1701986397
314,crixas,-14.5489,-49.9692,299.91,39,48,1.45,BR,1702071629
315,hallein,47.6833,13.1,272.03,64,36,5.66,AT,1702048570
316,colonia,50.9333,6.95,276.38,82,75,5.66,DE,1702049204
317,port saint john's,-31.6229,29.5448,294.26,70,4,1.91,ZA,1702054660
318,villa gesell,-37.2639,-56.973,287.62,68,0,5.01,AR,1702076331
319,port sudan,19.6175,37.2164,298.99,79,9,2.01,SD,1702047154
320,bairnsdale,-37.8333,147.6167,297.07,88,100,0.89,AU,1702027299
321,hovd,48.0056,91.6419,262.62,45,0,0.44,MN,1702029644
322,quincy,42.2529,-71.0023,272.12,71,0,4.12,US,1701983515
323,talnakh,69.4865,88.3972,239.32,84,4,1.57,RU,0
324,shchyolkino,45.4291,35.8223,277.9,93,100,6.59,UA,1702043629
325,conde,-7.2597,-34.9075,298.85,83,20,3.09,BR,1702067244
326,mangrol,21.1167,70.1167,297.08,49,2,4.74,IN,1702039087
327,la'ie,21.6477,-157.9253,300.13,69,21,0.45,US,1702007351
328,pornic,47.1167,-2.1,282.06,85,51,6.52,FR,1702052351
329,santa terezinha,-29.9002,-50.0904,292.32,86,100,5.77,BR,1702073535
330,rize,40.9044,40.8949,275.05,73,99,4.34,TR,1702043308
331,lompoc,34.6391,-120.4579,287.55,77,0,8.94,US,1701996666
332,kralendijk,12.15,-68.2667,301.14,78,20,7.2,BQ,1701986864
333,san antonio de pale,-1.4014,5.6325,299.15,82,100,1.33,GQ,1702056917
334,roma,43.2128,-75.4557,275.83,96,100,1.54,US,1701984398
335,irbit,57.6705,63.071,238.85,96,13,1.47,RU,1702033392
336,harrison,30.4091,-89.0436,285.18,85,0,0.0,US,1701989728
337,ponta delgada,37.7333,-25.6667,292.55,100,75,6.17,PT,1702059832
338,inari,68.906,27.0288,262.26,88,100,4.49,FI,0
339,kupjansk,49.7209,37.5998,269.82,76,100,7.42,UA,1702042179
340,kolonia,50.9333,6.95,276.38,82,75,5.66,DE,1702049204
341,jingmen,31.0336,112.2047,292.16,39,95,2.3,CN,1702027746
342,portstewart,55.1813,-6.714,281.79,85,100,7.53,GB,1702051126
343,rabaul,-4.1967,152.1721,301.82,76,71,7.95,PG,1702022018
344,tshikapa,-6.4167,20.8,294.27,99,100,1.28,CD,1702053783
345,igoumenitsa,39.5039,20.2656,281.96,77,0,2.62,GR,1702048508
346,thinadhoo,0.5333,72.9333,301.32,77,100,6.21,MV,1702040566
347,kurchatov,51.6601,35.6521,265.38,89,100,5.99,RU,1702042108
348,shalqar,47.8333,59.6,261.28,49,100,7.32,KZ,1702037375
349,timbuktu,16.7735,-3.0074,294.78,14,3,4.76,ML,1702057125
350,midvagur,62.0511,-7.1939,279.61,75,100,10.29,FO,1702047888
351,khorixas,-20.3667,14.9667,294.62,24,73,1.62,NA,1702056695
352,sikasso,10.9167,-7.0,295.95,28,7,1.75,ML,1702058704
353,gizo,-8.103,156.8419,301.93,75,98,6.87,SB,1702021295
354,wynyard,-41.0,145.7167,293.0,71,66,4.29,AU,1702028340
355,bahia de kino,28.8333,-111.9333,294.03,42,0,1.65,MX,1701995431
356,ivdel',60.6911,60.4206,239.92,99,87,0.89,RU,1702032517
357,arroyo seco,-33.1549,-60.5086,292.14,84,0,2.17,AR,1702076514
358,zuwarah,32.9312,12.082,287.6,73,39,4.41,LY,1702051510
359,penzance,50.1186,-5.5371,284.53,82,9,11.59,GB,1702052424
360,layou,13.2,-61.2667,298.23,81,85,5.75,VC,1701985074
361,ulanhot,46.0833,122.0833,268.38,53,85,6.22,CN,1702022785
362,kiama,-34.6833,150.8667,301.73,73,79,6.49,AU,1702025994
363,candelaria,13.9311,121.4233,302.25,61,68,2.77,PH,1702027560
364,pathalgaon,22.5667,83.4667,291.59,85,100,0.75,IN,1702035714
365,pariaman,-0.619,100.12,304.18,71,84,2.3,ID,1702034154
366,ak-suu,42.4995,78.527,275.14,53,79,1.5,KG,1702033978
367,xingcheng,40.6167,120.7167,283.36,43,100,1.2,CN,1702024204
368,ado-ekiti,7.621,5.2215,294.96,86,100,0.93,NG,1702056108
369,hafar al-batin,28.4328,45.9708,285.47,58,0,0.0,SA,1702043991
370,turbat,26.0023,63.044,293.73,33,0,0.26,PK,1702040202
371,zhoushan,30.0108,122.2047,290.42,66,19,9.16,CN,1702025485
372,draguseni,45.9667,27.75,271.07,95,95,4.37,RO,1702045449
373,akrehamn,59.2667,5.1833,275.6,59,100,7.2,NO,1702046532
374,raduzhny,62.0961,77.475,248.53,97,100,4.56,RU,1702027552
375,crescent city,41.756,-124.2018,281.34,99,40,1.54,US,1701996376
376,nunspeet,52.3667,5.7667,275.44,92,100,4.81,NL,1702049068
377,aguas formosas,-17.0822,-40.9358,293.41,78,24,0.75,BR,1702069740
378,balakovo,52.0278,47.8007,256.47,94,9,4.19,RU,1702039084
379,fale old settlement,-9.3852,-171.2468,300.4,83,100,7.64,TK,1702100197
380,kuanda,56.3161,116.0806,246.07,89,100,1.92,RU,1702021236
381,skvyra,49.7318,29.6657,270.82,97,100,3.9,UA,1702044080
382,bodaybo,57.8506,114.1933,244.21,91,100,1.47,RU,1702021049
383,plasencia,40.0312,-6.0885,282.19,89,53,3.06,ES,1702054741
384,dongola,19.1667,30.4833,289.01,32,48,3.4,SD,1702048821
385,mantua,45.1667,10.7833,275.73,98,96,1.72,IT,1702049694
386,polyarnyy,69.1989,33.4478,259.51,94,91,7.11,RU,0
387,dazhou,31.2159,107.5009,289.78,49,100,0.97,CN,1702028850
388,fuyang,32.9,115.8167,295.35,23,24,8.26,CN,1702026616
389,christchurch,-43.5333,172.6333,293.45,62,60,6.69,NZ,1702022394
390,east grand forks,47.93,-97.0245,280.28,74,75,5.66,US,1701988549
391,ierapetra,35.01,25.7353,288.23,68,30,0.89,GR,1702047925
392,tashtagol,52.7657,87.8894,255.44,86,100,1.49,RU,1702029240
393,rio grande,-32.035,-52.0986,289.79,67,82,7.02,BR,1702074326
394,buka,40.8108,69.1986,278.17,58,100,1.59,UZ,1702036533
395,crane,31.3974,-102.3501,288.78,59,0,6.51,US,1701992786
396,tumaco,1.7986,-78.8156,297.94,92,73,2.1,CO,1701990445
397,urumqi,43.801,87.6005,268.68,93,0,1.0,CN,1702031544
398,gadzhiyevo,69.2551,33.3362,258.85,96,94,6.71,RU,0
399,bichura,50.5881,107.6022,254.04,75,96,4.94,RU,1702025148
400,prestatyn,53.3375,-3.4078,282.51,89,95,5.33,GB,1702050965
401,igarape miri,-1.975,-48.9597,297.28,89,81,1.42,BR,1702070081
402,kapit,2.0167,112.9333,302.31,70,94,0.67,MY,1702030814
403,cromer,52.9312,1.2989,280.15,95,100,5.34,GB,1702049965
404,kerikeri,-35.2268,173.9474,295.32,61,0,0.45,NZ,1702020539
405,walvis bay,-22.9575,14.5053,289.31,88,1,1.78,NA,1702057116
406,ouricuri,-7.8825,-40.0817,299.2,58,75,2.97,BR,1702068550
407,pingyin,36.2831,116.4453,291.44,29,0,4.81,CN,1702025957
408,conway,35.0887,-92.4421,285.34,57,100,4.12,US,1701989874
409,vila velha,-20.3297,-40.2925,299.12,84,20,5.14,BR,1702069958
410,san ramon,37.7799,-121.978,284.62,90,0,2.57,US,1701996538
411,shizunai-furukawacho,42.3339,142.3669,277.13,55,81,9.21,JP,1702018689
412,auki,-8.7676,160.7034,303.04,68,46,4.89,SB,1702020436
413,smithers,54.7804,-127.1743,268.33,93,100,1.03,CA,1701993799
414,masuda,34.6667,131.85,289.3,33,0,2.57,JP,1702022509
415,caluula,11.9661,50.7569,298.84,58,32,5.19,SO,1702044730
416,tamanrasset,22.785,5.5228,285.1,19,0,2.57,DZ,1702054398
417,frumusita,45.6667,28.0667,272.36,94,81,4.58,RO,1702045439
418,oban,56.4127,-5.4706,279.47,92,91,3.2,GB,1702050360
419,san julian,21.0167,-102.1667,284.52,76,71,1.2,MX,1701994039
420,laojunmiao,39.8333,97.7333,274.83,27,4,2.75,CN,1702029859
421,belmonte,-15.8631,-38.8828,297.29,85,8,2.97,BR,1702069111
422,alice springs,-23.7,133.8833,312.9,11,0,4.63,AU,1702028543
423,lijiang,26.8688,100.2207,281.2,91,100,1.73,CN,1702031170
424,baruun-urt,46.6806,113.2792,257.26,83,70,4.07,MN,1702024764
425,brush,40.2589,-103.6238,280.04,42,1,10.29,US,1701991710
426,salair,54.2312,85.7972,245.45,93,61,2.11,RU,1702029265
427,laramie,41.3114,-105.5911,272.89,51,0,9.26,US,1701991992
428,qamdo,31.1667,97.2333,270.2,58,100,0.52,CN,1702031321
429,vorkuta,67.5,64.0,248.66,99,100,1.67,RU,1702024490
430,kamiiso,41.8167,140.65,280.36,36,20,6.17,JP,1702019199
431,tolanaro,-25.0319,46.9987,296.19,83,40,7.2,MG,1702049572
432,baie-comeau,49.2168,-68.1489,262.97,85,0,2.57,CA,1701981301
433,oktyabr'skoye,43.0645,44.7417,275.2,86,100,3.0,RU,1702041976
434,mpulungu,-8.7623,31.1141,295.07,85,38,1.3,ZM,1702051548
435,chonchi,-42.6128,-73.8092,282.71,94,2,1.28,CL,1702081384
436,tuma,55.148,40.5537,252.21,99,45,2.42,RU,1702039798
437,harar,9.3094,42.1258,286.99,43,20,2.51,ET,1702047076
438,bagayevskaya,47.32,40.38,273.79,89,100,8.9,RU,1702042109
439,dalandzadgad,43.5708,104.425,270.66,31,19,3.25,MN,1702027553
440,merizo village,13.2658,144.6691,304.46,81,100,7.95,GU,1702022050
441,mitsamiouli,-11.3847,43.2844,300.72,78,75,3.4,KM,1702048900
442,kogalym,62.2654,74.4791,249.06,98,100,6.24,RU,1702028155
443,aykhal,66.0,111.5,244.75,100,99,2.47,RU,1702015792
444,gebeit,21.0667,36.3167,292.11,90,4,2.14,SD,1702047206
445,yuzhno-kurilsk,44.0306,145.8556,276.69,89,100,14.75,RU,1702017517
446,rosario del tala,-32.3029,-59.1455,288.63,88,0,3.29,AR,1702076058
447,kapa'a,22.0752,-159.319,299.33,81,75,3.6,US,1702007636
448,london,51.5085,-0.1257,282.09,92,100,3.09,GB,1702050737
449,kalifornsky,60.4183,-151.29,268.37,100,100,3.09,US,1701997103
450,myrtle beach,33.6891,-78.8867,280.39,73,0,0.0,US,1701986829
451,albi,43.9298,2.148,280.99,85,100,1.01,FR,1702052025
452,amos,48.5669,-78.1162,267.99,96,100,1.3,CA,1701983856
453,kayyerkan,69.3786,87.7439,239.68,88,5,1.53,RU,0
454,ngereklmadel,7.4883,134.4856,303.2,74,75,3.09,PW,1702025090
455,taft,31.7471,54.2088,278.12,31,0,2.06,IR,1702041567
456,mankera,31.3866,71.4407,290.87,27,0,2.51,PK,1702037481
457,palikir - national government center,6.9248,158.1611,301.62,79,75,3.09,FM,1702019464
458,port hedland,-20.3167,118.5667,312.18,27,7,5.14,AU,1702031814
459,polva,58.0603,27.0694,263.72,94,100,3.31,EE,1702041856
460,morehead city,34.7229,-76.726,284.26,65,0,4.12,US,1701986157
461,kenai,60.5544,-151.2583,268.23,99,100,3.09,US,1701997019
462,kidal,18.4411,1.4078,294.04,15,16,2.96,ML,1702055882
463,richland,40.7834,-82.5499,279.61,81,0,5.14,US,1701986559
464,aksu,41.1231,80.2644,278.17,34,97,2.12,CN,1702033820
465,luderitz,-26.6481,15.1594,289.06,69,0,5.66,NA,1702057426
466,kismayo,-0.3582,42.5454,300.35,77,4,4.08,SO,1702047950
467,arkhangel'sk,64.5401,40.5433,252.65,83,100,3.0,RU,1702034447
468,novyy urengoy,66.0833,76.6333,246.01,97,57,5.42,RU,1702024035
469,yaren,-0.5472,166.916,299.44,87,100,5.54,NR,1702018111
470,zawiercie,50.4877,19.4168,271.82,94,100,1.63,PL,1702046336
471,caernarfon,53.1413,-4.2702,284.04,33,75,6.17,GB,1702051235
472,plastun,44.7561,136.2939,271.3,40,100,0.83,RU,1702019662
473,semirom,31.4167,51.5667,274.71,63,1,0.88,IR,1702042247
474,labuan bajo,-8.4964,119.8877,303.06,74,97,4.07,ID,1702030207
475,cold lake,54.4502,-110.2017,268.12,86,20,3.6,CA,1701989842
476,porto novo,6.4965,2.6036,301.05,85,95,1.62,BJ,1702056850
477,serta,39.8085,-8.0988,284.23,92,50,2.88,PT,1702055263
478,brookings,44.3114,-96.7984,278.92,81,0,6.17,US,1701989299
479,fray bentos,-33.1325,-58.2956,287.4,86,0,3.29,UY,1702075979
480,katsuura,35.1333,140.3,288.19,39,0,1.96,JP,1702020410
481,papao,-17.75,-149.55,299.63,80,100,8.72,PF,1702009458
482,greymouth,-42.4667,171.2,288.89,64,22,3.7,NZ,1702022514
483,kununurra,-15.7667,128.7333,312.14,37,34,4.12,AU,1702028857
484,krya vrysi,40.6872,22.3022,280.02,84,57,1.58,GR,1702047810
485,den helder,52.9599,4.7593,275.36,93,75,4.92,NL,1702049126
486,malango,-2.9627,119.9001,300.42,65,100,0.84,ID,1702029641
487,ta`u,-14.2336,-169.5144,300.42,84,95,5.72,AS,1702013863
488,huntsville,34.7304,-86.5861,283.26,64,0,4.02,US,1701988522
489,humaita,-7.5061,-63.0208,296.16,96,34,1.1,BR,1701987589
490,pimentel,-6.8367,-79.9342,294.31,78,0,7.72,PE,1701991581
491,ludington,43.9553,-86.4526,277.64,89,0,3.09,US,1701986889
492,bumpe,7.8919,-11.9025,296.26,96,0,0.63,SL,1702060191
493,quatre cocos,-20.2078,57.7625,300.98,73,56,3.28,MU,1702046400
494,al bayda',32.7627,21.7551,283.73,78,64,4.44,LY,1702049212
495,dwarka,22.2394,68.9678,296.98,46,0,4.68,IN,1702039233
496,tindouf,27.6711,-8.1474,287.4,58,40,2.06,DZ,1702057079
497,lemvig,56.5486,8.3102,273.82,96,100,6.96,DK,1702046999
498,sabang,5.8933,95.3214,300.9,79,99,6.99,ID,1702034653
499,namtsy,62.7161,129.6658,240.56,94,98,3.97,RU,1702014601
500,oyon,-10.6681,-76.7731,283.85,80,100,1.84,PE,1701991217
501,port augusta,-32.5,137.7667,316.87,10,93,14.34,AU,1702028803
502,francisco i. madero,29.7059,-107.8043,280.13,31,0,3.59,MX,1701994325
503,berrahal,36.8353,7.4533,282.0,69,100,1.78,DZ,1702052028
504,novofedorivka,46.1713,32.3178,279.13,92,100,6.6,UA,1702044307
505,jayapura,-2.5333,140.7,304.81,77,100,4.4,ID,1702024604
506,ouargla,31.9493,5.325,281.19,66,0,0.0,DZ,1702053271
507,acajutla,13.5928,-89.8275,299.3,70,0,2.64,SV,1701991889
508,texistepec,17.8833,-94.7833,293.44,92,83,2.33,MX,1701992618
509,manacapuru,-3.2997,-60.6206,298.04,89,100,1.5,BR,1701986586
510,barah,13.7,30.3667,290.72,28,5,3.41,SD,1702049443
511,troitsko-pechorsk,62.7084,56.1964,246.91,98,96,1.11,RU,1702032226
512,avetrana,40.3529,17.7349,283.84,74,4,5.86,IT,1702048966
513,marsa alam,25.0757,34.8918,294.39,67,0,2.59,EG,1702047073
514,jalna,19.8333,75.8833,295.62,67,1,1.77,IN,1702037849
515,nichinan,31.6,131.3667,289.97,56,0,2.52,JP,1702023068
516,forbes,-33.3833,148.0167,310.33,20,39,7.7,AU,1702026476
517,athens,37.9795,23.7162,286.29,67,20,3.58,GR,1702047939
518,cruzeiro do sul,-29.5128,-51.9853,292.88,89,100,1.81,BR,1702073936
519,yermolayevo,52.7167,55.8,251.94,97,97,1.13,RU,1702036955
520,hirara,24.8,125.2833,297.3,64,40,4.63,JP,1702025410
521,kasserine,35.1676,8.8365,281.41,74,44,3.74,TN,1702051957
522,tukrah,32.5341,20.5791,290.05,58,58,6.02,LY,1702049527
523,tocopilla,-22.092,-70.1979,291.84,73,37,1.44,CL,1702077348
524,doka,13.5167,35.7667,294.99,30,3,3.07,SD,1702048166
525,laguna,38.421,-121.4238,283.87,93,20,3.6,US,1701996299
526,berdigestyakh,62.0989,126.6992,238.64,95,100,2.59,RU,1702015745
527,maragogi,-9.0122,-35.2225,297.97,83,95,3.26,BR,1702067500
528,letlhakeng,-24.0944,25.0298,294.15,50,44,4.16,BW,1702054729
529,nuriootpa,-34.4833,139.0,305.8,13,95,12.68,AU,1702028812
530,alexandria,31.2156,29.9553,286.45,57,100,2.57,EG,1702047462
531,nema,57.5067,50.5011,240.68,100,15,1.39,RU,1702036479
532,kani keli,-12.9536,45.1033,300.74,75,52,3.99,YT,1702048630
533,guarapari,-20.6667,-40.4975,298.65,85,5,5.99,BR,1702070047
534,hazard,37.2495,-83.1932,281.28,64,37,1.84,US,1701987316
535,santa cruz del sur,20.7147,-77.9956,295.1,81,13,5.46,CU,1701988272
536,nago,26.5881,127.9761,297.39,58,0,3.5,JP,1702024543
537,mega,4.05,38.3,289.14,44,3,2.12,ET,1702048527
538,tanout,14.9709,8.8879,291.5,21,100,3.6,NE,1702054464
539,san patricio,28.017,-97.5169,295.28,82,89,5.36,US,1701992077
540,sal rei,16.1833,-22.9167,297.58,74,0,6.56,CV,1702061968
541,naze,28.3667,129.4833,292.66,58,0,2.46,JP,1702023955
542,moscow,55.7522,37.6156,260.9,99,99,1.91,RU,1702040279
543,sanctuary point,-35.1114,150.629,301.59,62,84,5.53,AU,1702026120
544,butere,0.2064,34.4935,288.38,83,10,2.23,KE,1702049827
545,mugia,43.1041,-9.2179,286.43,72,3,8.15,ES,1702054918
546,vernal,40.4555,-109.5287,275.99,49,0,3.6,US,1701993093
547,azuaga,38.2667,-5.6833,284.8,95,97,7.01,ES,1702054947
548,colchani,-20.3,-66.9333,286.72,47,19,4.27,BO,1701989914
549,lake stevens,48.0151,-122.0637,278.94,96,100,3.09,US,1701994537
550,al ghayzah,16.2079,52.176,296.82,49,13,3.15,YE,1702043939
551,hakui,36.8833,136.7833,290.44,55,18,4.24,JP,1702020981
552,wafangdian,39.6183,122.0081,283.27,70,100,2.28,CN,1702024071
553,tazacorte,28.629,-17.9293,291.69,70,0,5.66,ES,1702059303
554,puerto madero,14.7208,-92.4215,298.26,100,0,0.0,MX,1701992392
555,vizinga,61.0749,50.1031,242.5,100,30,0.32,RU,1702034766
556,basco,20.4487,121.9702,298.6,82,97,9.56,PH,1702026716
